username,user_id,access_hash,name,group,group_id
,578941867,8430079911479759179,Mom,GetCoin,1242631468
cneededadmin,1389057782,-9049757680694279729,Coders Needed Eth,GetCoin,1242631468
MetiGirmaCEO,754515422,-7508726455453515109,Meti Girma,GetCoin,1242631468
Jodimaria,331244072,-1375447324456365414,Meti Ceo,GetCoin,1242631468
Yoni_L,505118636,-5874104337036127494,Update 1,GetCoin,1242631468
amenabe,346773078,3189170149491167056,Amen Abe,GetCoin,1242631468
,540135661,-1404850699889745091,Alam,GetCoin,1242631468
ephrem_007,387600750,-1181975682446366051,Ephrem F,GetCoin,1242631468
Oxecho,303757027,3657265285643960617,Echo Django,GetCoin,1242631468
Kena_A,309503749,-39183826009360339,Kena,GetCoin,1242631468
Abudi_seid10,355128196,1840612409070456158,Abdi,GetCoin,1242631468
Silver16,240963560,-5245540849527810708,Meti Hope,GetCoin,1242631468
dagi4,339210425,-4041327842754042824,Dagi Deb,GetCoin,1242631468
,381900875,3146867180232736150,Adimasu dufara,GetCoin,1242631468
,302846111,-2579475325019500778,Hermela Yilmaüòõ,GetCoin,1242631468
HiyabM,389071562,4258780289683104919,Hiyu,GetCoin,1242631468
Khaludi00,413499464,9043695408534522339,Khalid Chondaw,GetCoin,1242631468
Bezaweet,360141946,-1677543380242884879,Beza Love‚ù§Ô∏è,GetCoin,1242631468
Abiy41,368849434,3287045390259010452,Bona 2,GetCoin,1242631468
,803737904,-5507207438559930022,Amele Asefa,GetCoin,1242631468
,947138607,7399606624839757114,Abebe Wegen,GetCoin,1242631468
,946751771,-517700209285692387,Artist,GetCoin,1242631468
,922144313,-1714191963210070378,Ababa Shawer,GetCoin,1242631468
,617299989,3792365936845261016,Abu,GetCoin,1242631468
,611636407,-1708114666387672599,Abinet,GetCoin,1242631468
Melatawe,608778392,-5230904598416822379,Anteh Loweyer,GetCoin,1242631468
,571828553,-2949820221325572475,Amsalu,GetCoin,1242631468
Amannnny,354037817,-1470228880009055480,Aman.Hubo,GetCoin,1242631468
AMEHABTE16,344936747,2463148862151979816,Amare Dorm,GetCoin,1242631468
,343691266,2302789151424278106,Anteneh Girum,GetCoin,1242631468
Big_bone,343224295,-7517422569763992511,Alula Phone,GetCoin,1242631468
,531295609,1269926121404246365,Antaneh,GetCoin,1242631468
Kiyayaa,332695393,-1218944251295275545,Adanech,GetCoin,1242631468
Awkrd_blkgrl,327381456,6374608002857851105,Adey Hayat,GetCoin,1242631468
InManEl,316180522,-4158210169056124059,Aman Taye,GetCoin,1242631468
,302529439,3413811471603383525,Abanezer,GetCoin,1242631468
Wgdad,300131088,-2864762950733735648,Aman 2,GetCoin,1242631468
,275594375,2309972143733477672,Abdifetah,GetCoin,1242631468
Dagi7411,759213793,-4342782381493601166,Dagi Abuwallad,GetCoin,1242631468
Al_Am_Ma,381417104,-5352328560286771179,Amar unity,GetCoin,1242631468
Natyw4122,806266273,-2619404221838987899,Nati.asm,GetCoin,1242631468
Kachiks,862330207,1289899348723416146,Geffry,GetCoin,1242631468
,559570063,3810926053156158127,. Aklilu A A,GetCoin,1242631468
Elemento_MJAES,378945657,-1973836084143784739,Abuwalled,GetCoin,1242631468
kira_baby,337137908,-2488501643778354305,Kira Bro,GetCoin,1242631468
YohanesFikru,470805456,-1478203944535603995,John Icpc,GetCoin,1242631468
tough_cookie,272438666,6574795276708800368,Wubeyew,GetCoin,1242631468
ThankFuckForOurDecline,343739605,2447247542750785740,Blen,GetCoin,1242631468
natnaelargaw,456139825,3600047967049592266,Nati Oracle,GetCoin,1242631468
Mercy_fulGOD,393569777,-6794577123094294802,Enjera,GetCoin,1242631468
A_la_folie,335180668,-7639038605670502793,Capi,GetCoin,1242631468
Will116,448632238,6837466142542351645,Fike,GetCoin,1242631468
Bilbrk,367785111,384747876132839888,Erasu Bill,GetCoin,1242631468
red_sprite,342109729,5298257853788692112,Josy Adama,GetCoin,1242631468
,403285806,3887281471238257110,Bil Mom,GetCoin,1242631468
bemoviie,372377211,-6243054283222023742,Bezawit,GetCoin,1242631468
kal12escobar,356574475,-8136025028211558375,Kalsh Che,GetCoin,1242631468
abelengida,332191463,-6043124045318565548,Godolo,GetCoin,1242631468
bonibey,360819187,405173351060444635,Boni China,GetCoin,1242631468
Hanu21,393814511,219319492385901007,Hanan,GetCoin,1242631468
SupJuma,368751332,8490738646485172901,Jemal Meti‚Äôs,GetCoin,1242631468
AmanuelTk,366711888,-6611074479560512514,Aman Tesfaye,GetCoin,1242631468
Dryidnek,364022927,-8939610179463206118,Yidnek,GetCoin,1242631468
Sphinxgo,356517756,-6225160349901440846,Sisay Graphics,GetCoin,1242631468
BlackWomanCEO,347607446,-2733309163715962928,Meti It Gal Hydra,GetCoin,1242631468
,1218970138,2295850011741236880,Tesfab Tilahun Tesema,GetCoin,1242631468
,367391418,7052886268528593039,Mechal Tsegaye,GetCoin,1242631468
,1228327547,-3292184361268992056,·âµ ·ãù,GetCoin,1242631468
,593711293,-6505009836795509835,bewuket meku,GetCoin,1242631468
,472134517,-6538962518088390580,Sofi Behailu,GetCoin,1242631468
,955449847,-6050450439843983638,suzi,GetCoin,1242631468
,842366342,1932218207211503889,Mef,GetCoin,1242631468
,377284728,-2381705310847513980,·âÉ·àç,GetCoin,1242631468
,1160119737,-8969816972280844023,Phykiru Olana,GetCoin,1242631468
,388236167,-9156032466618259143,samri Alem,GetCoin,1242631468
,346231311,6626136015072325316,Ene+Yene,GetCoin,1242631468
,672795303,-1194434586693419452,Firdos Oumer,GetCoin,1242631468
,1289421256,814705123699649790,A,GetCoin,1242631468
,578012862,-8898987342794216085,Gennet Haile,GetCoin,1242631468
,349950579,2925385528745673340,Miki W A,GetCoin,1242631468
,1295790223,4578981038080316579,Judi Mehari,GetCoin,1242631468
,415546718,-299499808626718877,Tigist Nigussie,GetCoin,1242631468
,377531838,7503493847043548213,Dere Gs,GetCoin,1242631468
,976949822,5405632322998775028,Amir,GetCoin,1242631468
,960556788,3129320385743528695,Hirut W,GetCoin,1242631468
,823519847,-441796864544261097,KB,GetCoin,1242631468
,1383017421,-1571749628501519448,Cory Garrett,GetCoin,1242631468
,1209129789,-6097974280038513142,Guillo Hernandez,GetCoin,1242631468
,1398854183,4251143049586876676,Marina Kravitz,GetCoin,1242631468
,1371902982,-7310394033208680582,,GetCoin,1242631468
,1143987550,-4446968830664525040,,GetCoin,1242631468
,1321839416,9112973478172963768,,GetCoin,1242631468
,1002446590,-7459638634174473328,,GetCoin,1242631468
,1262136330,-7388320394910659281,,GetCoin,1242631468
,1268715561,6675857931657420692,Juantonio Curry,GetCoin,1242631468
Abrhamdaba,601764409,302836923677862505,Abrham Dhaba üÖñüÖûüÖûüÖì üÖùüÖòüÖñüÖóüÖ£,GetCoin,1242631468
,1333395502,1382614150257773125,Abdullahil Muhammad,GetCoin,1242631468
,1291808358,-2943290575551386382,Allan Miguez,GetCoin,1242631468
,1375850480,-2945572946132573087,Miguel Malcolm,GetCoin,1242631468
,1366210936,7282684384463408669,,GetCoin,1242631468
,1376356771,6153381198699657431,Lerma Mauel,GetCoin,1242631468
Hope2vip,1131136936,2197241300102816046,Hope Vip,GetCoin,1242631468
,1219350182,4419025224495595924,,GetCoin,1242631468
Fla777,412590296,-4163265473884327974,-F-L-A-,GetCoin,1242631468
Timy776,1173179336,-3869081814118321141,Tim,GetCoin,1242631468
,1351216600,6028447426595830217,strand-meer-sonnenuntergang,GetCoin,1242631468
ChristabelAmelia,1299443818,1647758726531473657,Christabel Amelia,GetCoin,1242631468
,1124278070,3821025564770469257,,GetCoin,1242631468
,1301745711,3664754222340540755,,GetCoin,1242631468
,1385763018,2098772207130974790,,GetCoin,1242631468
haminfinity,681419981,7667909206211948217,Ham Infinity,GetCoin,1242631468
,1127042599,-4334284023797216524,,GetCoin,1242631468
,1330266709,7875171880690184410,Regina Jonathan,GetCoin,1242631468
,1328840735,-748706622661102508,Maria Johanssen,GetCoin,1242631468
,1395436877,8261431584981293706,Charlie George,GetCoin,1242631468
,1152545805,-649039824554861534,Propper John,GetCoin,1242631468
,1252880613,5356314295385863141,Rawlins Christiansen,GetCoin,1242631468
,1334786247,-2950842659034044810,Carolyn Rodriguez,GetCoin,1242631468
,1214920811,-4521996752915822442,Colby Darren,GetCoin,1242631468
,1210598488,-196207350716805564,,GetCoin,1242631468
,998518266,-7910485738492243047,,GetCoin,1242631468
,1113323782,-5869611981886463936,,GetCoin,1242631468
,1271536906,275030717303921232,,GetCoin,1242631468
,1168524329,8573870493579777162,,GetCoin,1242631468
,1380765100,6250563121798963143,,GetCoin,1242631468
Dasilva19costina,257596202,835141782263251961,Berlin,GetCoin,1242631468
,911419240,536035163043721271,.,GetCoin,1242631468
,1239994505,8482610266183496616,,GetCoin,1242631468
,941847198,7014549917090781263,,GetCoin,1242631468
,1383622394,-9079879862989951330,,GetCoin,1242631468
Rubixk,383201999,5307653883477299460,¬Æ¬ø?‚ô•‚úî‚úø‚úû‚úù‚òú·ç†,GetCoin,1242631468
,1296684158,-7291599371885977360,,GetCoin,1242631468
Bamliadu,406134745,4796169200413201122,B@,GetCoin,1242631468
abeni_11,376893412,6839808000079057073,Abeni,GetCoin,1242631468
,1359360944,6993795012557186918,,GetCoin,1242631468
Giryit,427124870,-6017845177410002136,G Y,GetCoin,1242631468
,1161810695,-5253412112824074464,,GetCoin,1242631468
GetCOINAi_bot,812957538,4292764733088700774,Getcoin,GetCoin,1242631468
,1286105820,-4967917399184356675,,GetCoin,1242631468
,1323642819,-7593430552793713675,,GetCoin,1242631468
Yshua7,468097337,3659044751720005976,Amani Manolo,GetCoin,1242631468
,1264633903,6518379976055211067,,GetCoin,1242631468
MrsScythe,358783178,-3389624696492838975,L.T.M,GetCoin,1242631468
,1189080173,7906424392239893467,,GetCoin,1242631468
,1394017734,3358033130062178774,,GetCoin,1242631468
best1234a,1226214944,3802436387418874921,Luiz hernandez,GetCoin,1242631468
,1328569900,6797870469326164237,,GetCoin,1242631468
,1119104037,-3128741448178438984,,GetCoin,1242631468
,1336669261,-5474335105283190336,,GetCoin,1242631468
,1399142434,-4817086835608165524,,GetCoin,1242631468
bk_mebe,706060634,1895660977745811494,Bk,GetCoin,1242631468
,1346221083,-5108673301171663798,,GetCoin,1242631468
hichki_inja_nis,727346976,8953608326901399254,‚öΩÔ∏è,GetCoin,1242631468
endale_M,753612039,-4879155342565635049,Endale‚úùM,GetCoin,1242631468
,1351160571,2271043522134202278,Googtg,GetCoin,1242631468
,1345035731,5676013936870993880,Adama taitup,GetCoin,1242631468
,1358940688,7026532652976864757,,GetCoin,1242631468
,1257537628,-7317251785482460533,,GetCoin,1242631468
,1338168470,7352341145792715997,,GetCoin,1242631468
Betu55,337220371,8565893818874604450,B√®m√®n√®t S√®m√®gn√®w,GetCoin,1242631468
,1317906834,-5305851579155212053,,GetCoin,1242631468
sassy_bgs,707821194,-7213300135551239304,üôè·â†·å∏·àé·âµ ·åå·âµ·äê·âµ,GetCoin,1242631468
,320923038,-9143708083719900296,DEV,GetCoin,1242631468
baltots,1182496937,3291689227489588529,Bella Colonn,GetCoin,1242631468
,1342876230,-1906379796469813547,Matt Cancino,GetCoin,1242631468
,1301359087,-7293384024591860328,,GetCoin,1242631468
A_lone_wolffff,337627557,3928132580113746684,Esubalew,GetCoin,1242631468
,1330430492,5627308044517295884,,GetCoin,1242631468
,1262204309,5678012462679198940,,GetCoin,1242631468
,1390122693,-4860253444298181561,Jarkson Robet,GetCoin,1242631468
,1350687956,-2656570136320519912,,GetCoin,1242631468
,1332308991,-3633178672525321561,,GetCoin,1242631468
,1395384037,9081612168199058487,,GetCoin,1242631468
,1355339073,-5790296018421514081,,GetCoin,1242631468
Sabie2,710129226,2783550393189922741,üíé,GetCoin,1242631468
,1062583028,-5466063209809436821,,GetCoin,1242631468
,1329428802,-3649732588161176137,,GetCoin,1242631468
,1285389408,6485948277908489366,,GetCoin,1242631468
,1302602328,3335362489600175594,,GetCoin,1242631468
,1371999469,5813656267513993415,,GetCoin,1242631468
,422660389,7030790283895604309,.,GetCoin,1242631468
,918164075,-7267797764383066545,,GetCoin,1242631468
,1376174919,5104850774827083364,Shawn Bonsness,GetCoin,1242631468
,1157383551,6930431970145788060,Jonhson Xiden,GetCoin,1242631468
,1341652051,-5848840535629438517,,GetCoin,1242631468
,1398377564,6773768220064618738,,GetCoin,1242631468
,1367473801,5444604223659801317,,GetCoin,1242631468
DannyAmen,649228935,-1669240327183343575,Danny Amen ‚òÖ,GetCoin,1242631468
,1354153707,-1953228283239495895,Harold Mark,GetCoin,1242631468
,1239747481,-7465058772555057802,Melone Anderson,GetCoin,1242631468
,1091167955,347948543088812027,,GetCoin,1242631468
,1243368963,3574090026846161008,,GetCoin,1242631468
,444926214,-434743316155709364,kiros habte kinfe,GetCoin,1242631468
,1313897493,-3662881207831522555,,GetCoin,1242631468
,942261284,7589209570774644156,Selam,GetCoin,1242631468
,1277531967,8164488555685795900,Fasi. Y2üëäüèΩüëäüèæüëä,GetCoin,1242631468
,1180289339,-6814280460363502111,,GetCoin,1242631468
Natshae,904842527,6443026063260861369,Nhatty Breezy,GetCoin,1242631468
Efi1345,752816502,-8502664785568429076,üë£,GetCoin,1242631468
,1366196554,3986021389194310205,Alex Harley,GetCoin,1242631468
,1291295104,-6778073506396648759,,GetCoin,1242631468
,1395104195,-7230873271030995912,Rebecca Grace,GetCoin,1242631468
,1248040054,9068268178385882204,John Smith,GetCoin,1242631468
,1081351819,-5299842730666847812,Philippine Moura,GetCoin,1242631468
Kibrukb,378900056,7744685128149997675,@ki N,GetCoin,1242631468
,542136845,-2058397729516868047,Ezana (Dj kulech),GetCoin,1242631468
ScamAdvis,810399627,-4374059072618481393,SCAM ADVISER,GetCoin,1242631468
,968640217,-4451579270091271470,Kkk Hhh,GetCoin,1242631468
,1183380992,-4431317131222983988,Julie Berthelsen,GetCoin,1242631468
,1313953577,6416828871098292150,Walter West,GetCoin,1242631468
,1306840418,-5140431908287242448,,GetCoin,1242631468
,1083954488,5685531250265960506,Michelle,GetCoin,1242631468
,1376540663,5353680196081081046,Flourish Peterson,GetCoin,1242631468
,1353442565,-3159001942578461436,,GetCoin,1242631468
,1087877629,3601922702081284530,Ahmed,GetCoin,1242631468
Real636,1277822072,1629254345606669399,Wanda Preal,GetCoin,1242631468
LeeDii_584,317180725,4108245811479875753,Rediet Anteneh,GetCoin,1242631468
,913700847,8340058485049654173,fr√§√µl,GetCoin,1242631468
Obeyy,333401865,-3098075144613421716,üáæ üá∫ üá≤ üá≤ üáæ,GetCoin,1242631468
Mr_Rb,255587719,-7269835613518585771,Rb,GetCoin,1242631468
e_m_m_a_n_u_el,446317644,-7939098094827406464,Aman,GetCoin,1242631468
,885686587,-1631674407535028334,,GetCoin,1242631468
We_got_audio,221541824,2836627718479352640,Wudassie,GetCoin,1242631468
AmenNc,348885950,-8561623316303289565,Amen Daniel,GetCoin,1242631468
Alexa255,393691855,725911793268485774,Alexa Girma,GetCoin,1242631468
abdnow,609287045,4289648759521925271,abu peace,GetCoin,1242631468
,682385905,-976516569417673737,·ã®·ä´·à≥,GetCoin,1242631468
,682227965,5819634661757598505,Misge Hailu,GetCoin,1242631468
,671219263,-4389772851355567247,Aby Myk,GetCoin,1242631468
,509376574,-4443582820749366025,Ezi(Nati),GetCoin,1242631468
,503304529,-928264306885182428,Fire,GetCoin,1242631468
yado19,457589051,-4057231216806984481,yado,GetCoin,1242631468
,446640097,-4786042187128465777,Nardi,GetCoin,1242631468
,369779019,-3544936781487291814,,GetCoin,1242631468
S3424,337738090,-4226772486562609188,Seye,GetCoin,1242631468
Kalorina,336533700,-412905652142105304,huda,GetCoin,1242631468
Fdamd,331343712,3396595383681536775,Fuad Ahmed,GetCoin,1242631468
,1105201128,7525080007280494396,Me to,GetCoin,1242631468
,819412243,3096352233457407689,emnem Man,GetCoin,1242631468
,528590653,5812901294133318886,Abrham Asrat,GetCoin,1242631468
nananiiii,384400231,-6299727803324838571,Natanim Db,GetCoin,1242631468
Rascal_b,367632332,-2237459017732058235,Aschalew Get,GetCoin,1242631468
Kuntaa,343353544,5330444952583821869,Nathlynüòáüòé kunta,GetCoin,1242631468
Anemars,303388713,-2904622676355856986,Aneso M.,GetCoin,1242631468
Haroby,276970848,1185204938179564134,Harobina Ye Abiye,GetCoin,1242631468
,857024624,7337920472452791645,kibrom,GetCoin,1242631468
Butu2229,694126363,7134966010579605669,Hermi üòú,GetCoin,1242631468
,666771572,104086248670280311,Merry Haile,GetCoin,1242631468
,556171074,8426233733573385718,Amex,GetCoin,1242631468
,508068395,-1648609430971112038,Kidist Teklay,GetCoin,1242631468
,482379680,-8171488519931104465,Matador‚úå Papanaüëà,GetCoin,1242631468
,447814759,-4050761136021566867,Estifanos Berhe,GetCoin,1242631468
Sky11walker,422766071,6944357554292929789,Elias,GetCoin,1242631468
neoabiy,417105976,597818273370884083,Neo Abiy,GetCoin,1242631468
,404497789,-2797582538949747741,Habtish,GetCoin,1242631468
Jazzmender,390421240,-5903822459434208833,Nhatty Nett,GetCoin,1242631468
Neba56,385227353,-1145161885982902448,Neba Girma,GetCoin,1242631468
Lesan_Tz,379641617,3783054933865270526,üëâüá±‚Äåüá™‚Äåüá∏‚Äåüá¶‚Äåüá≥‚Äå,GetCoin,1242631468
Taduu,373494683,721365782700713103,Tadu Gashea,GetCoin,1242631468
Shebru,372642934,4385561198510085823,Bitse Lamar,GetCoin,1242631468
Neba_yo,371209920,-4768201886646916287,N√´b√•,GetCoin,1242631468
Beredo3474,361365949,7727439919066179966,Zine Abaye,GetCoin,1242631468
,347124910,1182841417096480761,Kidus,GetCoin,1242631468
,314124905,-8868136189951287624,Leul Seife,GetCoin,1242631468
DoyeDo,288027177,-1824252818064134829,Dawit,GetCoin,1242631468
Oliyads,284148294,5759321974803188481,oli z,GetCoin,1242631468
,282065836,-1094464965242898617,,GetCoin,1242631468
,1147568584,9046809691188340377,Zerihun Wolde,GetCoin,1242631468
,862869130,9056057645971302548,Etu Etu,GetCoin,1242631468
,424596625,-3095219438057064428,Worku,GetCoin,1242631468
,418878703,5233868218090134562,SAMiii üòà,GetCoin,1242631468
,370560321,2702865142011942462,Abenezer,GetCoin,1242631468
Teddymek,338828708,-1868680118217949060,Teddy Mekonnen,GetCoin,1242631468
R_o_c_h_a,330356942,-8005542514389785079,Robi,GetCoin,1242631468
efatesfaye,323438829,3648870716423561745,Fr√´≈æƒór X||,GetCoin,1242631468
yos12sam,316826929,1974979918475951920,Jossy Samuel,GetCoin,1242631468
jaareedd,292589498,8158475200171090258,Y Cx,GetCoin,1242631468
Elchapo3538,280385886,-5333945334004314835,Faez√ò Jr,GetCoin,1242631468
Jobtennis21,385428291,-8638698206067117533,J_ob,GetCoin,1242631468
,907869667,1588077779534339890,Genene,GetCoin,1242631468
hashingmining,856094338,-9113622660678527624,Admin@Hashing Mining,GetCoin,1242631468
Nuel5000,1092902887,-5468717649904347990,Tammy Nuel,GetCoin,1242631468
,975894626,6949089298916571504,,GetCoin,1242631468
Who_nda,338236905,-7102981226122639736,Hunda,GetCoin,1242631468
Alfred_M_Rodriguez,971244035,7245384447212973153,Alfred Milton Rodriguez,GetCoin,1242631468
Dtroot,357991964,-2346226791506130151,dtlgram,GetCoin,1242631468
pepatyga,794247950,4145908047736264529,ZS‡πèAMIÕúÕ°GO,GetCoin,1242631468
Sebriinaa,426842051,9185149716659665107,Sebrina Samrina,GetCoin,1242631468
,339200098,2248036913388318218,Mesfin Gebreyesus,GetCoin,1242631468
,1192256340,7175105719592561663,Ok,GetCoin,1242631468
Limited_access,400096911,7309170682530280385,Triple üÖ∞,GetCoin,1242631468
,394224086,-5610665772733605348,Kalid,GetCoin,1242631468
Ak_478,394944133,-2926096840635403105,Ak_47,GetCoin,1242631468
Abelxo22,908518157,8423829403235795481,Abel,GetCoin,1242631468
Intellectsoftwa,1033975267,-5729687702211837587,Natan Tesfaye,GetCoin,1242631468
Btclo,1050131938,-7115566004685413371,Memekiyaye,GetCoin,1242631468
Mimano11,939793706,-6881755309093497437,mimano,GetCoin,1242631468
TheMoonK1d,332331877,8327466896420956208,‚ãà‚àÜSK,GetCoin,1242631468
,825095365,-4690953954035702465,,GetCoin,1242631468
NatEqb,558399457,-3377050619093069312,NAT-E QB|RZN,GetCoin,1242631468
Roy7610,971815940,4060493661235405547,RoY,GetCoin,1242631468
Lidiya12345,238878521,-5941932200183857465,Lidiya Wubet,GetCoin,1242631468
Pour_qua,642794220,-4305295553687155163,Elshadai K Tegegn,GetCoin,1242631468
YiYad,994915752,1118809527788446260,YY,GetCoin,1242631468
Kira315,345878422,3665856445048590509,Kira,GetCoin,1242631468
huzenTi,416314517,2674303154050765962,Ab~bas ‚òØ,GetCoin,1242631468
maedi12,1063699486,722342319435906881,Maid√∏t Ab√•te,GetCoin,1242631468
barbara101,1154644999,143080531060015796,Barbara,GetCoin,1242631468
,633907909,-4221795109839282594,Z E do huka Styl,GetCoin,1242631468
juliana138,1280204480,8736296349724561429,Juliana hatice,GetCoin,1242631468
ydiphonegiveaway,1095902649,7894936060419950066,iPhonegiveaway,GetCoin,1242631468
,1016984121,1632606018433750738,Werkne Mengstu,GetCoin,1242631468
milkeetl,414649064,4131731810045677936,Milki,GetCoin,1242631468
MamayeAsfaw,392830839,954535450007367371,Maye üòÑ,GetCoin,1242631468
,646774940,-2250151077519918739,wenary,GetCoin,1242631468
,1109739507,7155249149872468505,John,GetCoin,1242631468
Jedi116,876810687,-8289502674230697240,Jedidiah,GetCoin,1242631468
,820618769,-8481292840900020979,Naty Ya Nazu Um,GetCoin,1242631468
K2347,516789671,3847550936600371624,ALEXANDER,GetCoin,1242631468
Natikif,384277836,-2467553136253417702,Nati,GetCoin,1242631468
Yayaa2,367465732,-3150165584539792577,Y.M,GetCoin,1242631468
Yoninati,832680370,-3129594882983036865,Yoniredeemed,GetCoin,1242631468
TahaHYMYAJ,447879462,-2718721976165950291,ahat,GetCoin,1242631468
eyoesat,245246891,-4712218264151578260,Eyosi,GetCoin,1242631468
Getahunabb,705879748,-6115024412906653172,Getahun Ab,GetCoin,1242631468
steven_frank490,1115472936,-1529031204397731037,Steven Frank (Second Account),GetCoin,1242631468
,1144260387,-996730014160050828,Seller 4,GetCoin,1242631468
,975763412,1642860756587469744,Alemu Abeden,GetCoin,1242631468
,930214851,9068139511971059470,Queen.jk Drama,GetCoin,1242631468
Fikrutadess,463225225,-6183168516968740895,Fikru Tadesse,GetCoin,1242631468
Mr_Noha,418788890,2630829589503348193,"Mr, Nohe",GetCoin,1242631468
,846911218,-8725965158540885713,0939505489,GetCoin,1242631468
,739218459,-867609443184883890,.,GetCoin,1242631468
,903641131,-7079579258957855394,Simon,GetCoin,1242631468
,663223894,-7770980917708005710,Yoni,GetCoin,1242631468
HANIBALLK,364644179,9083256494115231940,haniball kebede,GetCoin,1242631468
,460024524,8283691031990040704,YG,GetCoin,1242631468
sxzlty,566626255,2652210693342978397,·ç™·ç©,GetCoin,1242631468
Johnleo2,1039606670,1044965071201358632,John Leo,GetCoin,1242631468
minimal365,422582988,8884829082130791464,Aman,GetCoin,1242631468
,976546094,-8180463138418514310,Stephen Born,GetCoin,1242631468
Shasheer,1096125165,-4078259607840076107,Fazalul Shamsheer,GetCoin,1242631468
,1025052930,-7527148251464832954,Enrico Supriyono,GetCoin,1242631468
Gutusani,456867270,-1990415825625454431,Jal GuTI-Ras-küÖ∞Ô∏èÔ∏è,GetCoin,1242631468
Sophia3040,886785849,9108009067369968258,sophia Andrew,GetCoin,1242631468
Alphonso240,1024169547,4219046974990765308,jim alphonso,GetCoin,1242631468
Sohal6,872244753,2492092260770071467,Victor Sohal,GetCoin,1242631468
Emaniti,481517818,-2330745103276155579,ÿ•ŸäŸÖÿßŸÜ,GetCoin,1242631468
Kaliprofu,618831169,8213836212894103100,Indigo,GetCoin,1242631468
girmish,314879809,3621181988047432200,Girma(liban) Elilly,GetCoin,1242631468
prince_rakeem,348923705,-3257783215174491806,Leoul,GetCoin,1242631468
,906726635,7515137840364903076,Etopeia,GetCoin,1242631468
krisoria,782078837,6129480940344372612,Nicky El Razak,GetCoin,1242631468
iphadan,457297201,-917103678549272925,IpH@,GetCoin,1242631468
,1018651891,5520256675934075294,Santiago Frank,GetCoin,1242631468
,677260131,-2087208574691017049,Tom Tommy,GetCoin,1242631468
,940405085,26871105777038491,UP3675 LUMUBA ET,GetCoin,1242631468
,869902327,-4887587086944660602,Kid,GetCoin,1242631468
Betty_Lee,794237500,4988763094027406656,Betelhem,GetCoin,1242631468
Absanjr,307478901,6428829661120518044,√Éb r H√ÖM,GetCoin,1242631468
bami96,323543374,-294702522274381150,Bami,GetCoin,1242631468
,466579088,6489610670410139785,yemi,GetCoin,1242631468
,1059542501,3203645715612926523,ùì°ùìæùìΩùì™‚ù§,GetCoin,1242631468
geoberh,313842808,-5071076575319681401,George,GetCoin,1242631468
bleivee,647751835,-5939552869088593640,Mula,GetCoin,1242631468
tesfaX,458657118,7051531521487341512,#Tesfa,GetCoin,1242631468
markclam,916602348,1257273740454206973,Mark,GetCoin,1242631468
Pentangon,791887797,-1980900678551469937,Imran Ali,GetCoin,1242631468
trade_with_aliyaBTC,470921677,-8558764002220012296,Mahmoud Aliya,GetCoin,1242631468
BTX110,966077503,2597062267975056600,Jossie-T,GetCoin,1242631468
BTX111,865066209,-8084217545416394342,Joseph-T-Gub,GetCoin,1242631468
Natizem,415454583,5514347739049462718,·ç™·ç©·ç±,GetCoin,1242631468
SennayW,334219351,88763397332182352,Sennay,GetCoin,1242631468
thefreshprince96,310036641,-6452469055473674752,Nobel,GetCoin,1242631468
omnipotent3,330478215,-3692009364370219175,M B,GetCoin,1242631468
,872800596,5159767928810262398,M,GetCoin,1242631468
Bami_feke,964249666,-5296038748663858776,√üami,GetCoin,1242631468
Ardi_ish,515523964,-7553913483800681887,Nardos,GetCoin,1242631468
,905497205,-6757137618851196229,Baraw,GetCoin,1242631468
Nathnael_Kinfe,531899040,-7816918771096269408,Nathnael Kinfe,GetCoin,1242631468
Peaceatlast,843190643,8427984200444175167,·çç·âÖ·à≠ ·ä•·äï·ã∞·åà·äì,GetCoin,1242631468
Alazuu,380296418,3442276323118009351,Alazar,GetCoin,1242631468
Dinuabera,283491565,1939773296145796499,DINu,GetCoin,1242631468
pliz_nakama,341323372,7374083004697942863,Nati M.,GetCoin,1242631468
,986726650,2213428693932294902,.,GetCoin,1242631468
Edomlola,372977818,5946651275587362932,Edom T,GetCoin,1242631468
Tsyami,899073659,5982127912528812240,Pepupiüò∑,GetCoin,1242631468
,485140518,5358098453448970979,,GetCoin,1242631468
Tk_Lamar,376765412,6594774975804497598,Tk Lamar,GetCoin,1242631468
AWMAKTYMK,602344827,7571460403481751829,mercy a,GetCoin,1242631468
Philipjmorris,295721476,-8271620570618972350,Philip J Morris,GetCoin,1242631468
leveling_up,377316853,5152009206295036610,Kintsugiü§¥üë®‚Äçü¶Ω,GetCoin,1242631468
AbrinoAkima,381903104,260961917974676659,Abraham,GetCoin,1242631468
Abenezer_yab,369139168,1796603227935076961,Ab Jo,GetCoin,1242631468
Eagle_08,433079300,-1831279332532013646,Rita,GetCoin,1242631468
Meseret4,440431208,-8941748057529568959,Meseret Yeshaw,GetCoin,1242631468
DaveW7,353657228,-7655913078407504701,Dawit Workneh,GetCoin,1242631468
eft12,396344979,8774755914230278065,Eb@ F,GetCoin,1242631468
Butterflyyyyyyyyy,378143776,6228325328480592682,≈õ√† m√≠,GetCoin,1242631468
gameofcoinsbot,849640608,-8060713172201211979,Game of Coins,GetCoin,1242631468
Let_it_g0,349140821,-19025021973333506,Beza,GetCoin,1242631468
Masterminnd,342261991,6158119955544015897,Nathan,GetCoin,1242631468
,579205843,2660540761733567576,Absent,GetCoin,1242631468
bezzy_m,473553153,4097755933526461324,Bezi ¬Æ,GetCoin,1242631468
danu36,434312565,5561308429561164246,Danaiyt,GetCoin,1242631468
,640576311,5649876491539746305,Alemu Woldie,GetCoin,1242631468
Ahilebe,554955660,7084331910840720367,Ahme al ihsan‚ù§Ô∏èüòòüòç‚ù§Ô∏èüòç‚ù§Ô∏èüòç‚ù§Ô∏è‚ù§Ô∏èüòçüëå,GetCoin,1242631468
Abelzewdu,886949582,3525178438507295481,Abel Z,GetCoin,1242631468
Nardinass,764713634,-6591464845663240200,NARDI ABEL,GetCoin,1242631468
,631949741,5465570091210631383,EYOB Endale,GetCoin,1242631468
,619336260,-831731842572081865,,GetCoin,1242631468
Bellaaman,611498243,5170364552905656880,Info Aman,GetCoin,1242631468
Anu2013xoxo,586142706,56915019135289955,__Ananiya__,GetCoin,1242631468
,583874802,-6130098880264313481,Fitsum Wolde,GetCoin,1242631468
Twin_Flamess,578310015,-89228825566089092,Aksum,GetCoin,1242631468
,569606672,-7567156237079873604,Keruk Kidane,GetCoin,1242631468
adoni_Baby_Boss,343855759,-34983292222645161,Adoni üá™üá∑üá™üá∑üá™üá∑ (Baby boss),GetCoin,1242631468
Ake56,341312295,-5887859482442985453,Ake Z,GetCoin,1242631468
Am_that_Extra_mile,336264889,-2813773591262065842,ZAman,GetCoin,1242631468
Amanuelzoe,334499412,-5934202100693016401,AmanuelZoe,GetCoin,1242631468
AnewB,283994994,7851454998702540461,Ananiya,GetCoin,1242631468
,935863501,821121680280114535,Ma Def S.t.e,GetCoin,1242631468
abiniozil,661941060,-8898360625432178513,Abini Ozil,GetCoin,1242631468
,532539578,1478259095853529525,Meritaa,GetCoin,1242631468
RasLalas,361798276,-4282161754707376419,Œî Œ≤,GetCoin,1242631468
,348678793,-3438662347912574172,Tsige Sis,GetCoin,1242631468
,777468053,-6961684851807926187,Kaleb Kk,GetCoin,1242631468
,396732319,1076563668673796051,adil abdulkader,GetCoin,1242631468
IsammT,799045263,8219912302013727586,Isam T,GetCoin,1242631468
tesbalvin2,702850680,3148270712778390813,Tesfa Fiker,GetCoin,1242631468
,352445296,5082891897088169241,Estifanos Adane,GetCoin,1242631468
,952127599,-1413595463513073052,Abi ye ehetu.....,GetCoin,1242631468
,791797562,-2830797757299444477,Daniel Sime,GetCoin,1242631468
Nhattybreezyy,567523844,147813366168010443,Nhatty Breezy,GetCoin,1242631468
Rasbk1008,455238243,4536149769716519007,üéº≈òƒÉ≈° Bƒ∑üéª,GetCoin,1242631468
Heri_gm,406181414,-524344359967501200,Herisha‚ô•,GetCoin,1242631468
,394221642,4567501392763522409,Beb Ye Huny,GetCoin,1242631468
,1005230817,-3440756444603482912,Dada,GetCoin,1242631468
Sama_nta,773480223,-6708328467379938610,ùñòùñÜùñíùñÜùñìùñôùñÜ,GetCoin,1242631468
,585815093,-8846631717005234505,Lalaland,GetCoin,1242631468
,581855916,7228732379189478919,wubte Yeshibaly,GetCoin,1242631468
Dagiiiiiiiii,393907689,-771258545182095799,Dagim Girma,GetCoin,1242631468
,304248471,3817001940931779075,M...... T,GetCoin,1242631468
Bedri4,184796187,3439383147079126009,Filsen Bedri,GetCoin,1242631468
D12ve,768763361,4399809287589839648,Dave,GetCoin,1242631468
W19_Eyuyeee,756849747,-1624730636074083951,Haymi Nat,GetCoin,1242631468
Emayeeeeeeen,371481850,-895970783777293429,Rakitaaüòõ,GetCoin,1242631468
adika420,268142367,3674027855812381169,Adika,GetCoin,1242631468
,902597523,-5659982742074874140,Elias Teklay,GetCoin,1242631468
Yibe_xo,683558464,8304416299014303237,> Alex,GetCoin,1242631468
yenaSuseAfkrhalawe,460383057,6766411974456094134,Ka li,GetCoin,1242631468
LeeJongsukoppaa,434897650,-1329725647603107204,M√§h√≠,GetCoin,1242631468
,379093920,-6509265580283707574,,GetCoin,1242631468
,896485196,8203160701278250637,1 In All,GetCoin,1242631468
Rachel201992,824902281,-269243921781657737,Rita Fasika,GetCoin,1242631468
,468904563,2339872057207483997,Kb blk Qun,GetCoin,1242631468
,533291710,868051723776018232,,GetCoin,1242631468
haniy_adem,391372649,1931143063169600775,haniya adem,GetCoin,1242631468
bina_oz,554424907,-8569743032739901477,benadox,GetCoin,1242631468
Blennnnye,471864797,2263658474913158024,Blue Yem,GetCoin,1242631468
,902627369,4431768983505567246,,GetCoin,1242631468
,678338756,7760484233757309625,Liya Tegenu,GetCoin,1242631468
azitiyeeeee,415968348,-1303792634969045759,√•z√Ø @ q√º√™√™√±,GetCoin,1242631468
Melkwa_king,412096816,-5682448085251126329,melke king,GetCoin,1242631468
Goodgirl2721,384892934,1425658630229702403,Me,GetCoin,1242631468
,961028065,-1918022261780339754,murad Mohammed Adme,GetCoin,1242631468
,578553083,8739744864044943215,Semii,GetCoin,1242631468
,444191485,3664608043412564557,Beki,GetCoin,1242631468
,420498271,1288655721861176690,titi,GetCoin,1242631468
,399192390,296526425208462575,Boni Mamo,GetCoin,1242631468
,398247471,5337092294576375971,Molaza,GetCoin,1242631468
marsiylas,293368712,-3710233394996783927,Dana Anteneh,GetCoin,1242631468
,858341547,855190233690394900,ü¶ÑLolaüå∏,GetCoin,1242631468
Raki19,776194559,4431834518022980341,Ra kebüå∏,GetCoin,1242631468
,775176647,2499206579483218784,Fu'ad,GetCoin,1242631468
,747903318,2182475729071583988,Adiss,GetCoin,1242631468
,630628868,5175382992440975352,Abrham,GetCoin,1242631468
Ayenayeee,564143907,3956936517680883851,üôèüôèüôèüôè,GetCoin,1242631468
Heak35,557940166,-5028794237444015475,Heak35,GetCoin,1242631468
,484782145,8609380829712985018,jo Twins,GetCoin,1242631468
Fayabundem,416226656,5537525794946551616,Faya,GetCoin,1242631468
,386000831,1298015717171801359,"Mess/''''"" $'''''''''''.,,,,,,,,,, ,",GetCoin,1242631468
,337495420,-9217512208996283046,Abdi T,GetCoin,1242631468
,326191722,3017884071138475396,Milko Bizu,GetCoin,1242631468
Maldaye,647698080,7344653533618589124,Nadiii Nadd,GetCoin,1242631468
Trappsha,404870677,4445791590539106297,Sh Dm Fx ‚úå‚úå,GetCoin,1242631468
,727067312,3773968628208427009,Sami B.I.G,GetCoin,1242631468
,307690519,7419495396350127131,Elu,GetCoin,1242631468
Dizaynersamri,286531837,4524297629085623308,Sam fashion dizayne,GetCoin,1242631468
Official_Ayub_Abas,877692429,1523988584554497227,Ayub üíª Abas üèÜ,GetCoin,1242631468
Williye,711512280,-333712228012593422,. ÿ®Ÿäÿ™Ÿä,GetCoin,1242631468
,678759841,-1116245573844414233,Nemuma,GetCoin,1242631468
YOTTOR,612919607,1912592041881927535,BIG,GetCoin,1242631468
Yezabarekalu,387538858,-8861397558518943685,Mule,GetCoin,1242631468
,343085783,4284532699952601123,Hani,GetCoin,1242631468
Ifn_a_n,866218580,418008317862671289,ifnan,GetCoin,1242631468
Khalix_x,602245013,-5310800401587640369,Khalidx_x,GetCoin,1242631468
,448316978,658896769398733797,Bisrat Girma,GetCoin,1242631468
esatu1,441286875,8780338464131069186,Sintayehu,GetCoin,1242631468
Dujnani,373656291,4535769758583280402,Dujnani,GetCoin,1242631468
seye16,364041344,-4979436620199731710,seyoum,GetCoin,1242631468
Yared_xo,338926453,3614394683021316571,Yared D Tibe,GetCoin,1242631468
Redooo,333999922,-7314038336478620699,Red1,GetCoin,1242631468
,320978472,-2353715072465154467,Young Hir,GetCoin,1242631468
,935427512,-1740617432278301439,S B E SS,GetCoin,1242631468
M1ar2n3e,910722261,-4843122763881679354,üíùüá™üáπhenok ng ytelayeüíñüá™üáπ Marnüôèüôèüôè,GetCoin,1242631468
,791598992,-1366598837108954405,eyob D,GetCoin,1242631468
,758944371,4110305073133388528,Leul Birahnu,GetCoin,1242631468
Erma_karu,649269530,-5656057372622343469,Ermi H.U.D.C,GetCoin,1242631468
,648702724,-3848910422966310574,Helita,GetCoin,1242631468
,448921882,1059891513451884640,Bruke Gallant,GetCoin,1242631468
,413996751,-1064882687971901603,eyu Z Power Holder,GetCoin,1242631468
menor_yemalchlew_yalante_nw,406243336,3891263518509667515,‚ìÇ‚ìò‚ìõ‚ì§üîõüîôüîöüíØ,GetCoin,1242631468
,351001732,-3288580756011174573,P@rk son,GetCoin,1242631468
Yo358,335785097,6853026968381436910,Yob,GetCoin,1242631468
Faviola1,280901755,-1869224479880564652,Tizu Roma,GetCoin,1242631468
segenetD,440911318,2829914680151030615,Segenet D,GetCoin,1242631468
sadoreshetu,437944178,-4552976079762129299,Sador Eshetu,GetCoin,1242631468
abcy12,415243686,-1133978870808136897,Hawi,GetCoin,1242631468
Bathilda21366,1039580651,-3965672135162480450,Bathilda,GetCoin,1242631468
dolhamin,462193955,-8205343045332692343,Mahi,GetCoin,1242631468
,745558514,-1130662834357792845,Solomon D.,GetCoin,1242631468
ale2121ale,399600779,2882167133283582410,alefew,GetCoin,1242631468
,668044345,682272018135943238,Ds10 Junior,GetCoin,1242631468
akuu1,432875222,-1515092152777256687,Aku,GetCoin,1242631468
Hmicheal_Berihun,353734462,-6747956123280560760,Hmicheal Berihun,GetCoin,1242631468
abebageb,488574124,-6392436886300389603,abeba gebreyohannes,GetCoin,1242631468
Bereket6244,310696288,5777090596955012202,Bereket Girma,GetCoin,1242631468
Theonly_1,378571619,-4338363426385733755,Ahadu Sibhat,GetCoin,1242631468
Maryamey64,727056098,-8851757666954737554,Lia,GetCoin,1242631468
,987021122,-4825882590376029351,Desta Fekade,GetCoin,1242631468
DaveanbesuKD,215963474,-3505045907977353134,Dawit Anbesu,GetCoin,1242631468
,381974362,6804332042505093437,Dagem Minda IRIE,GetCoin,1242631468
Zabel187,401098357,3932408339356717436,Abel,GetCoin,1242631468
Okgoodgreat,625251479,-6703248703757562014,A B,GetCoin,1242631468
YoungTilahun,371546257,2330654698548611789,Kirubel Mesfin,GetCoin,1242631468
dagi_ae,396136881,-1204251819157022211,·çß·çß·çßDagi,GetCoin,1242631468
Gemmechu,310503092,2116818565935756784,Gemmechu.M.Hassena,GetCoin,1242631468
maynardtheman,334049324,-7883046094502991285,Maynard,GetCoin,1242631468
muki_max,347515303,-7681971967613522856,Mukhtar M.z,GetCoin,1242631468
habeshant,662059755,-8411841504942134561,@Habeshan,GetCoin,1242631468
,1043202929,-3255184800580304098,,GetCoin,1242631468
aydasultan,684319160,-6665668160183392895,Ayda Sultan,GetCoin,1242631468
mosess,392884260,623068654414204141,Mosess,GetCoin,1242631468
Valar_Morghuliiss,364661506,1231041957542212290,Tekle,GetCoin,1242631468
AnomaLee,326850386,-9033901197104101607,√Å√±√∏M√°L√®√©,GetCoin,1242631468
,801078071,-5229270774908422208,Tigist Reta,GetCoin,1242631468
,488442623,-6898505302421249561,Sanxict,GetCoin,1242631468
kiru_bel30,631804597,4795013082684384173,Kiru,GetCoin,1242631468
AhmedWorld11,978350921,6894473476891921674,Ahmed Khalif,GetCoin,1242631468
,612968420,2248616362881724166,Wiliyam .......,GetCoin,1242631468
Yeabkal_Assefa,367231885,6088998819441872247,Œ≥ŒµŒ±Œ≤ Œ∫Œ±Œπ,GetCoin,1242631468
Sophie80,829901288,-6895656668605041559,Sophie Turner,GetCoin,1242631468
amirmob_7,339949559,573678446251046617,Amir mobile clinic,GetCoin,1242631468
KalllT,339287248,-6935290117109731960,K,GetCoin,1242631468
,994830188,444851024134843685,Mike Tom,GetCoin,1242631468
Zenonymous,340339256,4740228511823863062,„Ö§„Ö§„Ö§„Ö§ „Ö§ „Ö§ „Ö§„Ö§„Ö§„Ö§ „Ö§ „Ö§ „Ö§„Ö§„Ö§„Ö§ „Ö§ „Ö§ „Ö§„Ö§„Ö§„Ö§ „Ö§ „Ö§ „Ö§„Ö§„Ö§„Ö§ „Ö§ „Ö§ „Ö§„Ö§„Ö§„Ö§ „Ö§ „Ö§ „Ö§„Ö§„Ö§„Ö§ „Ö§ „Ö§ „Ö§,GetCoin,1242631468
chris_av,895264164,-5605902763145786252,Fraol B.,GetCoin,1242631468
Matios20,755739567,5806118203914636949,King,GetCoin,1242631468
abeni_92,335822891,-8651649998931167212,Abeni,GetCoin,1242631468
omgitsdedsecc,385004249,2021224244972888970,abel,GetCoin,1242631468
Abela55,310883890,4120009802389811801,Abel Mulugeta,GetCoin,1242631468
,985240008,3327742628648753491,Bahirdar Grand Teleksew,GetCoin,1242631468
,985094039,8441699908528196622,Etsegenet Molla,GetCoin,1242631468
,975509325,-6278403213151523924,sirak Dinku,GetCoin,1242631468
,925214020,2957403348649169176,Wasihun Hunachew,GetCoin,1242631468
,921635079,3194254796174404128,Nefi Jhon,GetCoin,1242631468
,916557958,8298946468501043829,Yeshi Nuhami,GetCoin,1242631468
,915653566,4459945106979508333,yohanns fentie,GetCoin,1242631468
,894091217,4183672038344105139,mandefro gelaw,GetCoin,1242631468
,892096768,5831674929011073555,Ejerso Bacha Gemechu,GetCoin,1242631468
,888972816,9209292008391349391,jimmy,GetCoin,1242631468
,853850150,7219617501271479437,Seble Sirak,GetCoin,1242631468
,842339969,-8807232178147718061,belay Abebe,GetCoin,1242631468
,837515052,-2500917484941736836,Adonay,GetCoin,1242631468
,802976912,-7469042667306808009,Solomon Kelile,GetCoin,1242631468
,786819667,5123375588417364337,Gadaa,GetCoin,1242631468
,960290276,-4395669919337141520,Mm M,GetCoin,1242631468
Orange_li,958662044,-496261213188921358,The Darkest MindüíÄ,GetCoin,1242631468
,946121926,564918178945134883,MAMI,GetCoin,1242631468
Liyewm,945150893,-1563541259016794472,elias Atinafu,GetCoin,1242631468
,942434752,-6277495695520490837,Natineal Abere,GetCoin,1242631468
,942292141,-558902670565115800,Mekonen Kelem,GetCoin,1242631468
,938575985,-2740559089398086384,Wodaje Dagninet,GetCoin,1242631468
,930411110,-615027883001699880,Zerf Nigussie,GetCoin,1242631468
,926092103,7877470403443219661,Emnet Yibeltal,GetCoin,1242631468
,753052983,-6773505036701634825,LG,GetCoin,1242631468
,737995904,-6181514981668117100,az ‚ù§‚ù§‚ù§,GetCoin,1242631468
,736971870,-3261554586750924202,G,GetCoin,1242631468
,720436829,-6849845996713865673,Yared,GetCoin,1242631468
,711796562,-4465100836874638618,abebe Tesfaye,GetCoin,1242631468
LilLily,417865497,3522478157351410819,Lily Kassa,GetCoin,1242631468
,857757990,-6433817582344667364,,GetCoin,1242631468
S3nii,396751441,7500612567670533259,Seniüòä,GetCoin,1242631468
tiyyoo,396434419,-8258439835059209209,Tsionüåπ,GetCoin,1242631468
Redietamlaku,394872642,6780566556722111899,Rediet Amlaku,GetCoin,1242631468
sanddy99,388689110,4464872726958531884,Samrawit,GetCoin,1242631468
,771681607,4066681204061177591,Beriüéßüé∂ Hot music,GetCoin,1242631468
Gazmoe,375478898,-4498826207870961378,Nahom Birru,GetCoin,1242631468
aphrodite_an,370347051,5753878673468050377,Ananiyaü•Ä,GetCoin,1242631468
,368842765,3603225007315218845,Tg Taye,GetCoin,1242631468
,553007894,-5336131793512192793,45029,GetCoin,1242631468
Ernest_MOB,347668633,5936222357037995191,Yonathan,GetCoin,1242631468
n4tii,340290986,-4097881365299904095,Nati,GetCoin,1242631468
YaraShahidii,332979380,3899263227409487163,Mahider,GetCoin,1242631468
Ethiopiat,983976237,-4412103913243647073,Ethiopia,GetCoin,1242631468
,983898293,3408132284881294744,Adnew Addisu,GetCoin,1242631468
,980531765,6726353728576872227,John Yoma,GetCoin,1242631468
,978330154,1323453036403347763,Ageru Mulu,GetCoin,1242631468
,974546949,-4277094694395293065,Abdurahman Unke,GetCoin,1242631468
,970331331,-6884723393616840256,Haile Abebe,GetCoin,1242631468
,948768079,1143456683366939893,Adanech Tesema,GetCoin,1242631468
,933481030,1915833033401252730,mulat tesfu,GetCoin,1242631468
,929257796,7475077634778497730,MESI SIFA,GetCoin,1242631468
Hargefiya,827680110,-9199106676714778493,Hareg,GetCoin,1242631468
,681213846,-7457023821877937174,Addis Hiwot Merha,GetCoin,1242631468
Eba100,397101569,8784766150103119723,I Can. Can I ?,GetCoin,1242631468
kirubelsalehu,401755899,7660077782226477912,Kirubel,GetCoin,1242631468
,872138311,7770238141605559263,Ferewoyni Abay Yehualashet,GetCoin,1242631468
Maammushee,855494196,4324707666734081572,Mamme Olani,GetCoin,1242631468
,830867412,-9174714659270980300,Betelhem Alemu,GetCoin,1242631468
Simonbirku,393639627,7883784041708473085,AmaNny Birku,GetCoin,1242631468
,808889888,-5137996106019592085,Abeba Demelash,GetCoin,1242631468
,787285470,-2319162583984858634,Gedam Atalay,GetCoin,1242631468
,773980313,-7471334617816913303,gashaw. wasie,GetCoin,1242631468
,755552548,-8940819109931190382,Asnakech Geremew,GetCoin,1242631468
,749629129,-3233992580036255408,Beza Baharu,GetCoin,1242631468
,737478596,8625001184243862785,Aster,GetCoin,1242631468
,701517912,8750317471442904312,Riyad,GetCoin,1242631468
,700582373,1972207231079954780,·åé·äï·ã∞·à¨ ·åé·äï·ã∞·à¨·ãç,GetCoin,1242631468
,591248784,-3463460534592093607,yohannis Feleke,GetCoin,1242631468
,578812351,1000433382491980295,belachew,GetCoin,1242631468
,559178274,5130041195851654617,Merwan Az,GetCoin,1242631468
y_a_n_e_m_a,555680353,-8578835535039747969,temam worku,GetCoin,1242631468
,527166643,-8429523223565837558,Bruk Bruka,GetCoin,1242631468
Mualsa,524037315,6778107990467321783,Tillisa,GetCoin,1242631468
,501823621,-1634871484856844347,Havi,GetCoin,1242631468
,495242286,9162366934202098313,Gechalem Wodaye,GetCoin,1242631468
,487402300,-5537261255674918480,Ami,GetCoin,1242631468
,634380801,480271390444036227,BERHAN Worku,GetCoin,1242631468
,632961976,9004807561995023024,Andualem Getachew,GetCoin,1242631468
,632398343,-690220259881163428,DEMEKE HUNEGNAW,GetCoin,1242631468
,392089356,-6880748747279751027,Betty Minuyelet,GetCoin,1242631468
Ifnan,389948044,4154679550751203928,Ifnan,GetCoin,1242631468
Logaw13,384463300,-4369052738006655199,Boss üòé,GetCoin,1242631468
,628511241,2580595719675564736,ayana,GetCoin,1242631468
,612598145,-6320541966542501782,·ä†·àµ·â¥·à≠ ·àµ·äï·â£·â∏·ãç,GetCoin,1242631468
abrahamtadesse,448422083,8502085505696149440,abraham,GetCoin,1242631468
Kechiti,444773704,-5486239989348711271,Hiywot Gezachew,GetCoin,1242631468
Bebo2124,434488534,7700503362400276124,Betty,GetCoin,1242631468
hayu0,433074786,-6738457397017894562,Hayu Addis alem,GetCoin,1242631468
Aklilutesfaye,430317849,-938321176447047227,aklilu tesfaye Tesfaye,GetCoin,1242631468
,420734823,4661402938319776484,KEMU,GetCoin,1242631468
,416677324,-8235586324351500735,·âÖ·ãµ·àµ·âµ ·ä†·äï·ã±,GetCoin,1242631468
,415919105,-2498727164562766373,Jeremiahi Paul,GetCoin,1242631468
R61221,410523278,6490454441572573176,Eleni Sisay,GetCoin,1242631468
,408222482,-3093599586700777316,Sewnet Tegegne,GetCoin,1242631468
,406589687,8701607322489172118,Isru Nazrawi,GetCoin,1242631468
Hunter_hound,378728604,5123457204284117529,Hunter Hound,GetCoin,1242631468
Z_kal1,372162284,-4069662197090109847,Kal AB,GetCoin,1242631468
RAGNAR_H,358462227,3474708744376025533,Hailemichael,GetCoin,1242631468
Hhayle,356820754,-3866332086927653361,Chachi,GetCoin,1242631468
,341865549,-5269412213241944546,hildana lumumba,GetCoin,1242631468
,334157275,1008441490080458587,dagim nuru,GetCoin,1242631468
Amukiya,317683333,-1334621485029746548,Aman Crazy,GetCoin,1242631468
El_fana,316654146,-6829803987424834165,Efrata,GetCoin,1242631468
Betty4christ,312875140,554841543670717588,Betty Lakew,GetCoin,1242631468
isra_eI,304556341,-4333758244701799668,isra,GetCoin,1242631468
,301424979,475066733360974248,Brook 2319,GetCoin,1242631468
Betiiy,242400980,-5608936174509174320,Bety üòâ,GetCoin,1242631468
,222035166,-103135910349826340,·ä¢·ã®·à©·à≥·àå·àù,GetCoin,1242631468
,567161088,1384599626230558331,Abreham Alex,GetCoin,1242631468
,507850880,796322713601994382,Abdi,GetCoin,1242631468
,527531265,6345634806677261677,Abdu,GetCoin,1242631468
,898549873,-71495983260347556,Hunachew Ademasu,GetCoin,1242631468
,606816768,1349154432083171341,Melaku Desalegn,GetCoin,1242631468
,916129759,2178218434080469291,Ayeleche,GetCoin,1242631468
,616734815,-3246513302334913252,Estifanos Berhanu,GetCoin,1242631468
,689498666,6518539236692940947,non Non,GetCoin,1242631468
SolYa28,343446051,-1588117618626878941,SOLIYA üë∏AT,GetCoin,1242631468
,567328399,6722554707116932283,Maru mara,GetCoin,1242631468
,946479207,3699348018850953672,·ä†·àà·àù ·çÄ·àê·ã≠,GetCoin,1242631468
,467221724,-1124518518856738000,Adise Adise,GetCoin,1242631468
,585148445,8836850503279525022,Mahlet,GetCoin,1242631468
,535742832,-5257304436400732429,Gizachew Asimare,GetCoin,1242631468
,575770678,198427386038617266,Nani,GetCoin,1242631468
,449491801,-5597766581454533245,anbu man,GetCoin,1242631468
Hiyab_1,365908421,-1180297632626250754,Hiwot,GetCoin,1242631468
Niyat2,358615060,7496776429639815037,N√ØY√§t,GetCoin,1242631468
,379879418,8693296377842021371,redu tesfaye,GetCoin,1242631468
,959553991,4484024861581019479,·çç·à¨,GetCoin,1242631468
Eeuna17,479795177,-1767425394603861225,Feteha,GetCoin,1242631468
Samzeee,725186190,1234272490983953148,Samri Zed,GetCoin,1242631468
its_adil,340546535,-3053424711567514779,adil,GetCoin,1242631468
aymeno42,392047844,-3052579611999930960,Aym√™n,GetCoin,1242631468
yamanyaman,377648648,-3488061494762680217,Aman y.,GetCoin,1242631468
R0bel,349505581,7531229458832026768,Robel,GetCoin,1242631468
Kb_cool,471887032,3326223321335340002,Kibrewosen Belay,GetCoin,1242631468
xSNOWMANx,369177083,7062970156363088022,Xab Lonüòé,GetCoin,1242631468
M_D_21,350001387,-3633206778914238895,‚ú°,GetCoin,1242631468
HakunaMatatas,548530493,7778343285136570065,Go D,GetCoin,1242631468
LtTAD,448271355,152805815530117332,tadiyos begashaw,GetCoin,1242631468
Black_neb,248176829,-8993586833516547882,Babi,GetCoin,1242631468
BekiCrypto,311920820,5577528261448292786,Bikila,GetCoin,1242631468
,428353543,-7068534234766094779,nejma,GetCoin,1242631468
sevenbillionshow1cinema,335288821,853983468788738932,Samson,GetCoin,1242631468
,383070235,-5965193854888334499,‰∏πbe‚Ñì‚òÇÔ∏è,GetCoin,1242631468
SelamE10,338857819,-476146542144546690,Selamawit Elias,GetCoin,1242631468
josietrade,951850059,-8694534526358344803,Mr Josie,GetCoin,1242631468
,594067009,2300074988879790659,Getu Lakew ·åà/·àö·ä´·ä§·àç,GetCoin,1242631468
Berbarios,390351758,-8117190433184367930,Si√≠ra,GetCoin,1242631468
BekureTamirat,554948849,-154129532252974086,Bekure Tamirat,GetCoin,1242631468
Jerusalemina,440365362,339803916160223812,Jerusalem Semalign,GetCoin,1242631468
,431636162,-2485348714689679965,Dagim,GetCoin,1242631468
Natysho,274408930,-4501896271902083363,Nattysho,GetCoin,1242631468
Natnael_Alemayehu,521687349,-7921809681940621874,Nati_,GetCoin,1242631468
daggaalex,452473237,6992513772472445295,‚ôîDag‚ôî,GetCoin,1242631468
GetuDesta,681955061,4350769272011626567,professor,GetCoin,1242631468
yoouser_name,762305161,4759921208930528118,.............,GetCoin,1242631468
pharohseth,484581513,5173760935171409816,Seth Ethan,GetCoin,1242631468
Harrietharper,917663183,-2840887652959436519,Harriet Harper,GetCoin,1242631468
Ethanflynn,876978397,-5263225046418427598,Ethan Flynn,GetCoin,1242631468
Marcusethan,801658996,-8506534740315094692,Marcus Ethan,GetCoin,1242631468
Binimuse,251958167,-4281367329371070728,bini Muse,GetCoin,1242631468
m_nextlevel,390635541,-7945586664034594103,Melak,GetCoin,1242631468
BontuFufa,615750127,-7392913994100374061,√ü√∏≈á≈àƒ´ƒò,GetCoin,1242631468
,576231718,-9201639644747054846,solaaa Te....,GetCoin,1242631468
zemi12,363690085,3148546276156086924,Zemi Seyoum,GetCoin,1242631468
Shurubea24,348881094,-2611221583388515424,üëëAb....... 21 üî±,GetCoin,1242631468
DanBeti,270189387,-4100293666329214272,beti Dan,GetCoin,1242631468
D_ONTMINDME,527124361,-127413835709638175,B3tty .g,GetCoin,1242631468
,368691323,-1371687695757016882,AB,GetCoin,1242631468
xemichael,365427510,-7557729720314791539,Zemichael,GetCoin,1242631468
Yeab71,348723453,-1891000692375720491,Yeab,GetCoin,1242631468
worku1998,347399656,5809015993583013547,Biruk W.,GetCoin,1242631468
Doomsday78,349346781,-826897817362576522,Bereket,GetCoin,1242631468
begziabher,286341695,2913667093303066054,Osama bin Mohammed bin Awad bin Laden J.r,GetCoin,1242631468
tirekitfo,237925769,4103936640128038937,Nathan D,GetCoin,1242631468
nazrawitt16,613525196,5983225060801044874,Nazrawit,GetCoin,1242631468
,487145271,5619323367008835791,Aman,GetCoin,1242631468
Henokzelalem,369461176,3970047261635936319,Henok,GetCoin,1242631468
SILO_20,317668585,3438665546597886260,Sile Kets,GetCoin,1242631468
Abrishdew,365123062,7667546566081589663,Abraham Tesfaye,GetCoin,1242631468
Helina_A,258217735,7532936049605028600,Helina,GetCoin,1242631468
AmsaleG,602179563,7990085569349095804,AG,GetCoin,1242631468
Amancoffeeee,447244685,3498501632882060375,@Aman,GetCoin,1242631468
,328328480,6581761685597238002,Dagem,GetCoin,1242631468
,461317641,8454224413329659848,.......... ..........,GetCoin,1242631468
Gebeyehu12,437900599,-7254827332814109729,Naod,GetCoin,1242631468
,500043036,6884068875180039570,R @ik,GetCoin,1242631468
nehase,462339181,-267626270143567029,K P,GetCoin,1242631468
Enkelfe,338471244,-4886314332299073907,.,GetCoin,1242631468
Meti_Adane,376819714,-7791071118435637748,Meti Adane,GetCoin,1242631468
DagmawitG,375666265,1366420349298240161,Dagmawit G,GetCoin,1242631468
Iris1H,331374666,1137523555875933002,üòï,GetCoin,1242631468
lu_lu3,326809809,27621346758830106,lu,GetCoin,1242631468
Seble_Wongel,319355632,-1452639639268869129,SWongel,GetCoin,1242631468
Nabek_Ab,310784943,-2692158452286588435,ƒ±llƒ± üÖùüÖòüÖöüÖû llƒ±,GetCoin,1242631468
,288447012,-7847144235034213160,Biruk,GetCoin,1242631468
AntNeh,333426120,9021889552443120021,Anteneh,GetCoin,1242631468
MiNasgul9,365807411,4024160881691409864,Sozain 97,GetCoin,1242631468
L0WIN,416566328,160523682798476395,Noliana,GetCoin,1242631468
buchi43,488245171,-6758050764690684462,M√™kƒëƒØ ƒû√™≈£ƒÉh√º≈à,GetCoin,1242631468
,485918498,-2735463592327105841,Tefera,GetCoin,1242631468
Jmavrik,375063179,-4782981546583225735,Nhatty,GetCoin,1242631468
Redi_D,372149587,4839562703366090743,Redi,GetCoin,1242631468
,782667704,-412885980359867859,Rediet,GetCoin,1242631468
Yonasbef,407139929,-8874186634095736702,Yonas Bef,GetCoin,1242631468
Ermiiii19,341715592,-6067366014651398833,Ermi,GetCoin,1242631468
sitotaezra,336918482,-5588282982809750501,Sitota,GetCoin,1242631468
Thunderwoman,231241598,2868525991794034580,Free,GetCoin,1242631468
,593643749,-5766879878923849495,Wanofi,GetCoin,1242631468
Semeriuss,306305505,-5840715580481676904,Semeriuss,GetCoin,1242631468
THEgirlbehindGLASSES,305803942,5564129942816516592,B,GetCoin,1242631468
SickJetpack,573681096,-5422662750772447261,Bereketeab,GetCoin,1242631468
,530101163,6471299275475513589,,GetCoin,1242631468
sihuab,490991414,-2440722408988629310,Siham Abdu,GetCoin,1242631468
YeroMerga,481186819,7399178151293638425,Yero Merga,GetCoin,1242631468
M_e_1_23,395044899,3209614665288084019,Me,GetCoin,1242631468
Winta_naaa,383138121,-3358137634969693068,Winta,GetCoin,1242631468
Edenmes22,346867035,-5808656248813701773,Eden,GetCoin,1242631468
Bek_12,346399468,7233370806034280401,BereketeAb,GetCoin,1242631468
Lucky21t3,283401342,363880219755471791,ME,GetCoin,1242631468
Kira268,557836115,-4845912301274201747,‚¨Ö,GetCoin,1242631468
SurafelEngda,340570256,-5574368894391136073,Sura ü§™,GetCoin,1242631468
,637425446,-1097276190855893750,Tom,GetCoin,1242631468
,629659397,-8038269750376349429,Habibt HONEY,GetCoin,1242631468
Eyob_tefera,349958436,-4276170293228581507,Eyob Tefera,GetCoin,1242631468
,650944222,-8586976707774736648,üòéüòé,GetCoin,1242631468
,842772566,-7553008955481027891,Selam,GetCoin,1242631468
Beker_blue,386453312,2051737425412316077,Beker,GetCoin,1242631468
Sani1i,385682765,-7857239875407102202,Mame Hussein,GetCoin,1242631468
Blue_Bit,508112783,-5657438050408575164,Blue_bit,GetCoin,1242631468
,449487144,4549520991547103579,Eskalem Zeleke,GetCoin,1242631468
,544446618,-7731229900236671000,Ambaye Temesgen,GetCoin,1242631468
minte_m,374485461,5047413922644086078,minte,GetCoin,1242631468
Nahomwondwossen,337358355,-4324085454428860256,Nahom Wondwossen,GetCoin,1242631468
,762555408,-4570443560399458994,Baki üíØ Men,GetCoin,1242631468
Zinish12321,331300925,-2180092475172443060,·ä¢·âµ·ãÆ·åµ·ã´,GetCoin,1242631468
yohannes1,298635326,-1699677935166409842,Yohannes Amdetsion,GetCoin,1242631468
,393636153,-5198831589871472554,John,GetCoin,1242631468
Muuuuuuuuuub,422288495,-1167458435859639006,muuub..,GetCoin,1242631468
Suramarg,363630815,4222515374605838630,sura marg,GetCoin,1242631468
birukzak,386233444,693613980758639380,Zak,GetCoin,1242631468
,967569536,-2998502600307847864,da ni el,GetCoin,1242631468
Mube_01,389741706,-3390576918117528329,Mube,GetCoin,1242631468
,879215688,-7896361505333737013,Nachu Hido,GetCoin,1242631468
mickyethiopis,503205944,-6789772066124883511,mickyas mndefro,GetCoin,1242631468
My6elf,310518260,-828440971794935386,Menale M,GetCoin,1242631468
Sami9145,332507880,850026259775043098,Sami H,GetCoin,1242631468
Christiansami1,445103685,7557858610109049678,Christian Sami,GetCoin,1242631468
kidoLamar,386432375,-7144574742995586146,√ë√†≈•√Æ K-D√∂t ƒπ√•m√¢≈ô,GetCoin,1242631468
muzika23,290715422,997712824244279419,A B E N E Z E R .,GetCoin,1242631468
Draxzdestroyer,338189975,-7810349839208581009,Alazar,GetCoin,1242631468
,858585060,9042357460826524978,Wth,GetCoin,1242631468
Kaspharma,484241125,545435707402738464,kas,GetCoin,1242631468
Rasrola,370361255,-6209236067273490424,·âµ·äï·àπ,GetCoin,1242631468
,426353011,-3342340115845931970,kediro,GetCoin,1242631468
Jabeni,347549528,-3597598172154953997,abeni,GetCoin,1242631468
,434149690,1521777777450702263,Biruk Alemayehu,GetCoin,1242631468
Abunoah,369529141,6763003153888192733,Abuki,GetCoin,1242631468
Je36ah,736732259,-1141394113923726777,ƒê@≈ôƒ∑ /\/\‚Ç¨/\/,GetCoin,1242631468
NAHIJABS,338982563,-3239581937825518073,≈ÉA H√è ≈á Jab≈ü,GetCoin,1242631468
Dawitme,346706924,238829080074381788,DawitMe,GetCoin,1242631468
,276888946,4603787280141772131,ANWAR Jafer,GetCoin,1242631468
Danielpti,353005585,-6436574315970679541,üëâDaniel,GetCoin,1242631468
redget,376631025,4372729104104878064,redet,GetCoin,1242631468
,768298219,4677032899016210966,,GetCoin,1242631468
stefqn,798032432,-3012400626397106167,HillsüáÆüá∏,GetCoin,1242631468
Fae_84,318051212,-5237783765898727820,Fae,GetCoin,1242631468
dave_9993,381471138,8421911363990151088,dav dere,GetCoin,1242631468
ayohannesmekonen,887381944,1774663355143844935,Hermon Yohannes,GetCoin,1242631468
itsbetty,308583433,-2811873566132694107,Betty,GetCoin,1242631468
dagim_s,377634735,785595846065696429,Dagim S,GetCoin,1242631468
VeraLaura,876689220,-8443335238935427235,Vera . L. Mabel,GetCoin,1242631468
,447707539,-2927805462394465211,Tedy,GetCoin,1242631468
Codefreak,456158162,-7897971183185427989,R B,GetCoin,1242631468
agmlso,404960481,9098668057396790578,AGMLSO,GetCoin,1242631468
AyyaanaanQofa,621307984,4792261317348352613,Bikila Habtamu,GetCoin,1242631468
Bamiii19,326102222,2750763323682763886,Bami,GetCoin,1242631468
Haymuni,366803072,6730796203266359086,Haymuni,GetCoin,1242631468
girmo1st,476160759,-174666063538275391,Girma Moges,GetCoin,1242631468
GeneralButtNaked,214757983,7967533839150376422,Danny,GetCoin,1242631468
,413798885,6770256870420655168,,GetCoin,1242631468
Aeetma,317967688,7833665813136268915,Elshüíú,GetCoin,1242631468
Orelanderson,676547275,-1828548689371414163,Mr Orel Anderson,GetCoin,1242631468
Mmm01101101,434256757,-1466130292269354556,Mike,GetCoin,1242631468
Afrocoder,370074949,4785737877161661738,Afrocoder,GetCoin,1242631468
Natypanda,378752650,404643357271086657,Naty Mesfin,GetCoin,1242631468
,664745330,-6647957273224480245,Alex Yib,GetCoin,1242631468
,585368271,-918335518296682248,birti,GetCoin,1242631468
Yedenfre,577630652,-8929637229882797475,Eden,GetCoin,1242631468
Abgbg,358549740,6986224241534915902,Abel Guta,GetCoin,1242631468
Makieldu,273244702,-3853192311917344445,Maki Minwagaw,GetCoin,1242631468
davend,342868762,-1091831250721552475,‚òÖ‚ìì‚ìê‚ì•‚ìî‚òÖ,GetCoin,1242631468
RezvaniPrime,301624537,-6749038825943393316,Leoul,GetCoin,1242631468
Yeabefana,301291909,-3316653102738842203,Yeabefana,GetCoin,1242631468
Matosee,336660875,7167582607355058816,Mat,GetCoin,1242631468
Eyoel74,431617803,-7127210293338026493,Joel G,GetCoin,1242631468
Esdros,636334801,-7611646698624808466,Esdros,GetCoin,1242631468
,429438879,-3181319250559638012,kalkidan getachew,GetCoin,1242631468
Telmid20,364465002,-4502312730227344730,Kidus Kyle,GetCoin,1242631468
Ras_Josh,331825596,-3038117664858815955,Josh ◊ë◊™◊ê◊ú,GetCoin,1242631468
NahomTM,351850137,-3601324305511841958,Nahom TM,GetCoin,1242631468
Not_Alike_00,649456872,807333816536606987,Fikremariam,GetCoin,1242631468
Dagisangaw,555540540,-7437128576521513966,Dagim,GetCoin,1242631468
bela7788,521094108,-1112194655378652255,Abel,GetCoin,1242631468
Nathanielzi,444467755,-7833430538973751063,Nathaniel,GetCoin,1242631468
z_tranquil,342338473,1631423717238573645,ÿ≥ÿπŸäÿØ,GetCoin,1242631468
Tsi_hab,378690403,-620340324576419576,Ts·ãÆ·äï,GetCoin,1242631468
Yeab112200,354385587,6843578910515365451,Yeab Eshetu,GetCoin,1242631468
edashi,617035617,6333247905283517981,Eda,GetCoin,1242631468
MBB09,483620598,8580797328686396840,Merci,GetCoin,1242631468
CloudAI,336718269,2304516588808533086,Amha Endrayes,GetCoin,1242631468
Danion3,345816474,-4472850899160016125,Danion Tsegaw,GetCoin,1242631468
Obi652,551908690,-7997487564348722859,Anani Dafa Adadi,GetCoin,1242631468
,425233417,-3169033070058093251,kassahun terecha,GetCoin,1242631468
,693083875,-7952085830547694540,Kalkidan,GetCoin,1242631468
,395952833,-160077469438860698,Elshu,GetCoin,1242631468
,384927476,4488299972101401514,Gku,GetCoin,1242631468
,371655171,7567215926889321727,meron,GetCoin,1242631468
fanaticshutterbug,352242473,-1050012960859739341,T.,GetCoin,1242631468
Bemhreth,367061922,-7140713310477922848,Bemhreth,GetCoin,1242631468
,551507744,-2036481597081396835,11,GetCoin,1242631468
edn_mz,431370787,5964401997397841675,ed,GetCoin,1242631468
Chereeeee,333127103,-1575667468783950328,Chere,GetCoin,1242631468
KidusMT,681249233,3429884863597121595,KidusMT,GetCoin,1242631468
w01f_17,211430916,5201626755057894663,w01f,GetCoin,1242631468
,332244853,-5872061923658063484,Haile,GetCoin,1242631468
WissamJ,598720795,-5030086734204267630,Wissam,GetCoin,1242631468
Ab_joe,358223840,-8214376338423895916,üòäüòä,GetCoin,1242631468
JOSSY_JR,419296454,319640240411096111,JOSSY,GetCoin,1242631468
,356578769,4938942399213524247,·åº·ã¥·äï,GetCoin,1242631468
ultrafinch,668034264,9139408698102095391,Beth Z,GetCoin,1242631468
SMZAT,340426796,9065548034783273183,Sami-·ä•·äï·åç·àä·ãù,GetCoin,1242631468
Beemnetdinku,385421923,3037543616085134960,Beimnet Dinku,GetCoin,1242631468
Tiredcheesecake,368222462,2428575538108817719,Stay youngüí´,GetCoin,1242631468
Gutirez10,520968278,-5322420324694292630,Gutirez,GetCoin,1242631468
Klalisha,423474967,2337357446741056541,kali,GetCoin,1242631468
Scton80,337309611,2457066459351344162,Nuha T,GetCoin,1242631468
,858111235,3282261525793121078,Siyoum,GetCoin,1242631468
Ynaeyhh,834177224,-6367221860394136576,·àà·àç·ä°·àç,GetCoin,1242631468
,738872630,-7017605294922735730,Meti,GetCoin,1242631468
,691609132,3197197964544785074,Lamii Lamiif,GetCoin,1242631468
ElruTL,689247012,-7289474629843771629,Elroi Tarekegn,GetCoin,1242631468
,649862960,-876066621707733205,M Bbb,GetCoin,1242631468
Zoe1256,587779697,-1390900168756451533,chris,GetCoin,1242631468
Ragnarbeki,560667686,8305284283297767590,beka,GetCoin,1242631468
Yoredaaa,505807847,-4908562791653177103,Yo,GetCoin,1242631468
Doksaa,475421014,833491160911733111,Meti,GetCoin,1242631468
XTRIMUM,467792254,-9108405978450232786,XTRIMUM,GetCoin,1242631468
,443884255,-5797135900251904310,Me,GetCoin,1242631468
,427042424,-7185948946368970250,Helda AD,GetCoin,1242631468
Tedina,406352509,72018300308887804,Teddina,GetCoin,1242631468
Yo248,404894858,-8682309031425044354,üÖ∂üÜÅüÖ∞üÖ≤üÖ¥,GetCoin,1242631468
Ninaaa3,363169730,-869831858697502953,M.,GetCoin,1242631468
,348089407,6359356441539385197,Million Desta,GetCoin,1242631468
DAGISHU_7024,342511098,3101872192554790113,·ã≥·åç·àõ·ãä,GetCoin,1242631468
sal_em,339140404,-4575223292053664985,Salem,GetCoin,1242631468
,337910575,-1404204172755273659,Temesgen,GetCoin,1242631468
,336152207,-698265712923144942,Mmm B,GetCoin,1242631468
NaddysB,305943984,-1641628059826579647,Gabrielle.,GetCoin,1242631468
Toxic_101,293155115,8989173110149090010,K@tilm,GetCoin,1242631468
dyyyynamite,273739492,7006903343288941194,Rek,GetCoin,1242631468
